2022-09-02 00:00:00.000001,2022-09-02 00:00:00.000001,Suguru,McNasty,76561198351070344,1.4,meg,https://tickettool.xyz/direct?url=https://cdn.discordapp.com/attachments/864657364623425566/1015352646523179008/transcript-closed-player-report-suguru-4.html,TRUE
2022-09-02 00:00:00.000001,2022-09-02 00:00:00.000001,Gruvi/Suguru,Dolls-D 001,76561198835800135,1,rex,https://tickettool.xyz/direct?url=https://cdn.discordapp.com/attachments/864657364623425566/1015473597843779604/transcript-closed-player-report-suguru-4.html,TRUE
2022-09-02 00:00:00.000001,2022-09-02 00:00:00.000001,Gruvi/Suguru,Devil,76561199137685522,1.1,rex,https://tickettool.xyz/direct?url=https://cdn.discordapp.com/attachments/864657364623425566/1015473597843779604/transcript-closed-player-report-suguru-4.html,TRUE
2022-09-02 00:00:00.000001,2022-09-02 00:00:00.000001,Suguru,BlueberryToad,76561198177080286,1.8,ory,https://tickettool.xyz/direct?url=https://cdn.discordapp.com/attachments/864657364623425566/1015473077695561879/transcript-closed-player-report-bbooker-4.html,TRUE
2022-09-02 00:00:00.000001,2022-09-02 00:00:00.000001,Suguru,BlueberryToad,76561198177080286,1.8,ory,https://tickettool.xyz/direct?url=https://cdn.discordapp.com/attachments/864657364623425566/1015474548575051846/transcript-closed-general-support-suguru-4.html,TRUE
2022-09-02 00:00:00.000001,2022-09-02 00:00:00.000001,Tonnkka/Kimbles,[constellation] Arie,76561198057069286,1.2,pachy,https://tickettool.xyz/direct?url=https://cdn.discordapp.com/attachments/864657364623425566/1015551524786688010/transcript-closed-player-report-tonnkka-4.html,TRUE
2022-09-03 00:00:00.000001,2022-09-03 00:00:00.000001,Kimbles,Cosmic,76561199206724502,2.9,meg,https://tickettool.xyz/direct?url=https://cdn.discordapp.com/attachments/864657364623425566/1015591581979517008/transcript-closed-player-report-kimbles-4.html,TRUE
2022-09-03 00:00:00.000001,2022-09-03 00:00:00.000001,Booker/Kimbles,Tsunami,76561199090451922,1.3,coah,https://tickettool.xyz/direct?url=https://cdn.discordapp.com/attachments/864657364623425566/1015918311898370119/transcript-closed-player-report-suguru-4.html,TRUE
2022-09-03 00:00:00.000001,2022-09-03 00:00:00.000001,Chesirah/Kimbles,XxDragonxX,76561198389005981,1.4,para,https://tickettool.xyz/direct?url=https://cdn.discordapp.com/attachments/864657364623425566/1015972604802256976/transcript-closed-general-support-chesirah-4.html,TRUE
2022-09-03 00:00:00.000001,2022-09-03 00:00:00.000001,Chesirah/Kimbles,XxDragonxX,76561198389005981,1.4,lurd,https://tickettool.xyz/direct?url=https://cdn.discordapp.com/attachments/864657364623425566/1015973226091925584/transcript-closed-general-support-chesirah-4.html,TRUE
2022-09-03 00:00:00.000001,2022-09-03 00:00:00.000001,Kimbles,Belaya,76561199227021099,1.2,pachy,https://tickettool.xyz/direct?url=https://cdn.discordapp.com/attachments/864657364623425566/1013689201440595990/transcript-closed-player-report-gruvi-4.html,TRUE
2022-09-03 00:00:00.000001,2022-09-03 00:00:00.000001,Suguru/Tonnkka,DrowsyKaity,76561198805019535,1.5,pt,https://tickettool.xyz/direct?url=https://cdn.discordapp.com/attachments/864657364623425566/1013562544209801276/transcript-closed-player-report-gruvi-4.html,TRUE
2022-09-03 00:00:00.000001,2022-09-03 00:00:00.000001,Suguru/Chesirah,plush,76561198846367199 ,1.3,meg,https://tickettool.xyz/direct?url=https://cdn.discordapp.com/attachments/864657364623425566/1015658954560393346/transcript-closed-player-report-chesirah-4.html,TRUE
2022-09-03 00:00:00.000001,2022-09-03 00:00:00.000001,Gruvi,Beemo,76561198800740575,1.3,mosa,https://tickettool.xyz/direct?url=https://cdn.discordapp.com/attachments/864657364623425566/1015789232440221757/transcript-closed-player-report-gruvi-4.html,TRUE
2022-09-03 00:00:00.000001,2022-09-03 00:00:00.000001,Choi,Morrigan,76561198347245025,1.2,Acro,https://tickettool.xyz/direct?url=https://cdn.discordapp.com/attachments/864657364623425566/1015869014087569428/transcript-closed-player-report-choi-4.html,TRUE
2022-09-03 00:00:00.000001,2022-09-03 00:00:00.000001,Choi,Wawa,76561198209857939,2.6,Coah,https://tickettool.xyz/direct?url=https://cdn.discordapp.com/attachments/864657364623425566/1015910980116562002/transcript-closed-general-support-choi-4.html,TRUE
2022-09-03 00:00:00.000001,2022-09-03 00:00:00.000001,Choi/Tonnkka,InkedInYa,76561199186687009,1.7,Acro,https://tickettool.xyz/direct?url=https://cdn.discordapp.com/attachments/864657364623425566/1015894069144191077/transcript-closed-general-support-tonnkka-4.html,TRUE
2022-09-03 00:00:00.000001,2022-09-03 00:00:00.000001,Choi,BP,76561198739967921,1.24,Acro,https://tickettool.xyz/direct?url=https://cdn.discordapp.com/attachments/864657364623425566/1015907574450769995/transcript-closed-player-report-choi-4.html,TRUE
2022-09-03 00:00:00.000001,2022-09-03 00:00:00.000001,Kimbles,Alex of Agony,76561198880380779,2.6,sai,https://tickettool.xyz/direct?url=https://cdn.discordapp.com/attachments/864657364623425566/1015955962273726495/transcript-closed-general-support-chesirah-4.html,TRUE
2022-09-04 00:00:00.000001,2022-09-04 00:00:00.000001,Gruvi,MoistOutlaw,76561198245118086,1.4,acro,https://tickettool.xyz/direct?url=https://cdn.discordapp.com/attachments/864657364623425566/1015928869112528956/transcript-closed-general-support-gruvi-4.html,FALSE
2022-09-04 00:00:00.000001,2022-09-04 00:00:00.000001,Choi,Sanitory,76561199219856483,1.4,Rex,https://tickettool.xyz/direct?url=https://cdn.discordapp.com/attachments/864657364623425566/1015975818440228946/transcript-closed-general-support-choi-4.html,TRUE
2022-09-04 00:00:00.000001,2022-09-04 00:00:00.000001,Chesirah,Boxsocks,76561198344553459,1.25,Meg,https://tickettool.xyz/direct?url=https://cdn.discordapp.com/attachments/864657364623425566/1016009759343788062/transcript-closed-player-report-chesirah-4.html,TRUE
2022-09-04 00:00:00.000001,2022-09-04 00:00:00.000001,Chesirah/Booker,Scra,76561199088421011,1.3,Ory,https://tickettool.xyz/direct?url=https://cdn.discordapp.com/attachments/864657364623425566/1016392374697590854/transcript-closed-player-report-bbooker-4.html,TRUE
2022-09-04 00:00:00.000001,2022-09-04 00:00:00.000001,Chesirah,Ramen,76561199243973118,1.9,Para,https://tickettool.xyz/direct?url=https://cdn.discordapp.com/attachments/864657364623425566/1016098428620656740/transcript-closed-player-report-chesirah-4.html,TRUE
2022-09-04 00:00:00.000001,2022-09-04 00:00:00.000001,Chesirah,Boxsocks,76561198344553459,1.27,Ichty,https://tickettool.xyz/direct?url=https://cdn.discordapp.com/attachments/864657364623425566/1016149232207532052/transcript-closed-player-report-chesirah-4.html,TRUE
2022-09-04 00:00:00.000001,2022-09-04 00:00:00.000001,Kimbles/Booker,Duke of Reality,76561199153203880,2.1,trope,,TRUE
2022-09-05 00:00:00.000001,2022-09-05 00:00:00.000001,Tonnkka,prawnpooch,76561198100834182,1.892,Coah,https://tickettool.xyz/direct?url=https://cdn.discordapp.com/attachments/864657364623425566/1016177387463000124/transcript-closed-player-report-tonnkka-4.html,TRUE
2022-09-05 00:00:00.000001,2022-09-05 00:00:00.000001,Tonnkka/Booker,RubyRain,76561198100362619,0.916,Megaraptor,https://tickettool.xyz/direct?url=https://cdn.discordapp.com/attachments/864657364623425566/1016875380356944004/transcript-closed-player-report-tonnkka-4.html,FALSE
2022-09-05 00:00:00.000001,2022-09-05 00:00:00.000001,Tonnkka,Takara,76561198377240152,1.538,PT,https://tickettool.xyz/direct?url=https://cdn.discordapp.com/attachments/864657364623425566/1016297660883410955/transcript-closed-player-report-tonnkka-4.html,TRUE
2022-09-05 00:00:00.000001,2022-09-05 00:00:00.000001,Chesirah / Booker,SkyLight,76561199012978083,1.02,Megaraptor,https://tickettool.xyz/direct?url=https://cdn.discordapp.com/attachments/864657364623425566/1016880164677894254/transcript-closed-player-report-bbooker-4.html,FALSE
2022-09-05 00:00:00.000001,2022-09-05 00:00:00.000001,Chesirah / Booker,Primal Sandvich,76561199073449615,1.26,Megaraptor,https://tickettool.xyz/direct?url=https://cdn.discordapp.com/attachments/864657364623425566/1016880164677894254/transcript-closed-player-report-bbooker-4.html,FALSE
2022-09-05 00:00:00.000001,2022-09-05 00:00:00.000001,Chesirah,Pip,76561198234751344,1.24,Megaraptor,https://tickettool.xyz/direct?url=https://cdn.discordapp.com/attachments/864657364623425566/1016346752669978715/transcript-closed-general-support-chesirah-4.html,FALSE
2022-09-05 00:00:00.000001,2022-09-05 00:00:00.000001,Chesirah,"""Goddess of Death""",76561198269396760,1.5,Rex,https://tickettool.xyz/direct?url=https://cdn.discordapp.com/attachments/864657364623425566/1016470538912276530/transcript-closed-general-support-chesirah-4.html,FALSE
2022-09-05 00:00:00.000001,2022-09-05 00:00:00.000001,Chesirah,0TAT1ON,76561198276697465,1.2,pt,https://tickettool.xyz/direct?url=https://cdn.discordapp.com/attachments/864657364623425566/1016482902927740988/transcript-closed-player-report-chesirah-4.html,FALSE
2022-09-06 00:00:00.000001,2022-09-06 00:00:00.000001,Tonnkka,Alpha23 :3,76561199021065522,1.555,Mosa,https://tickettool.xyz/direct?url=https://cdn.discordapp.com/attachments/864657364623425566/1016957937245237268/transcript-closed-player-report-tonnkka-4.html,TRUE
2022-09-06 00:00:00.000001,2022-09-06 00:00:00.000001,Tonnkka/Suguru,Boxsocks,76561198344553459,0.9,ichthy,https://tickettool.xyz/direct?url=https://cdn.discordapp.com/attachments/864657364623425566/1016705999941406790/transcript-closed-player-report-suguru-4.html,TRUE
2022-09-06 00:00:00.000001,2022-09-06 00:00:00.000001,Chesirah,Takara,76561198377240152,0.74,rex,https://tickettool.xyz/direct?url=https://cdn.discordapp.com/attachments/864657364623425566/1016893382171312148/transcript-closed-player-report-chesirah-4.html,FALSE
2022-09-06 00:00:00.000001,2022-09-06 00:00:00.000001,Chesirah,Takara,76561198377240152,1.7,pt,https://tickettool.xyz/direct?url=https://cdn.discordapp.com/attachments/864657364623425566/1016888069787488326/transcript-closed-player-report-chesirah-4.html,TRUE
2022-09-06 00:00:00.000001,2022-09-06 00:00:00.000001,Chesirah,NeoGreen,76561198066528024,1.9,trope,https://tickettool.xyz/direct?url=https://cdn.discordapp.com/attachments/864657364623425566/1016758524065366056/transcript-closed-general-support-chesirah-4.html,TRUE
2022-09-06 00:00:00.000001,2022-09-06 00:00:00.000001,Suguru,Faker,76561198844927823,1.49,meg,https://tickettool.xyz/direct?url=https://cdn.discordapp.com/attachments/864657364623425566/1016823449269837855/transcript-closed-general-support-suguru-4.html,TRUE
2022-09-06 00:00:00.000001,2022-09-06 00:00:00.000001,Suguru,NO huntzambo98,76561198140959133,1.3,coah,https://tickettool.xyz/direct?url=https://cdn.discordapp.com/attachments/864657364623425566/1016859668406087680/transcript-closed-general-support-suguru-4.html,TRUE
2022-09-06 00:00:00.000001,2022-09-06 00:00:00.000001,Stag,Yuia,76561199009410543,1.5,Ichthy,https://tickettool.xyz/direct?url=https://cdn.discordapp.com/attachments/864657364623425566/1016955088855633930/transcript-closed-player-report-stag-4.html,TRUE
2022-09-06 00:00:00.000001,2022-09-06 00:00:00.000001,Chesirah,Peggu with a Gun,76561198261783823,1.57,Lurd,https://tickettool.xyz/direct?url=https://cdn.discordapp.com/attachments/864657364623425566/1016869736920907826/transcript-closed-player-report-chesirah-4.html,TRUE
2022-09-06 00:00:00.000001,2022-09-06 00:00:00.000001,Chesirah,Plush,76561198846367199,1.4,meg,https://tickettool.xyz/direct?url=https://cdn.discordapp.com/attachments/864657364623425566/1016873885779640410/transcript-closed-general-support-chesirah-4.html,TRUE
2022-09-06 00:00:00.000001,2022-09-06 00:00:00.000001,Chesirah,Mercury,76561198363848154,1.779,ory,https://tickettool.xyz/direct?url=https://cdn.discordapp.com/attachments/864657364623425566/1016878898136490064/transcript-closed-player-report-chesirah-4.html,TRUE
2022-09-06 00:00:00.000001,2022-09-06 00:00:00.000001,Suguru,AnnonymousAvian,76561198879716252,1.7,pachy,,TRUE
2022-09-07 00:00:00.000001,2022-09-07 00:00:00.000001,Tonnkka,Taylor +2 Swiftness,76561198293381131,2.886,Velo,https://tickettool.xyz/direct?url=https://cdn.discordapp.com/attachments/864657364623425566/1016994659265937438/transcript-closed-general-support-tonnkka-4.html,TRUE
2022-09-07 00:00:00.000001,2022-09-07 00:00:00.000001,Tonnkka,▬Whats~The~Samas▬,76561199385230736,2.369,Meg,https://tickettool.xyz/direct?url=https://cdn.discordapp.com/attachments/864657364623425566/1017234310157324299/transcript-closed-player-report-tonnkka-4.html,TRUE
2022-09-07 00:00:00.000001,2022-09-07 00:00:00.000001,Stag,Takara,76561198377240152,1.825,PT,https://tickettool.xyz/direct?url=https://cdn.discordapp.com/attachments/864657364623425566/1017288866161492008/transcript-closed-player-report-stag-4.html,FALSE
2022-09-07 00:00:00.000001,2022-09-07 00:00:00.000001,Focus,Nines,76561198070805307,1.405,Meg,https://tickettool.xyz/direct?url=https://cdn.discordapp.com/attachments/864657364623425566/1017701963388956712/transcript-closed-general-support-tonnkka-4.html,TRUE
2022-09-07 00:00:00.000001,2022-09-07 00:00:00.000001,Focus,"""Goddess of Sin""",76561198347985712,1.456,rex,https://tickettool.xyz/direct?url=https://cdn.discordapp.com/attachments/864657364623425566/1017288782829076480/transcript-closed-player-report-focus-4.html,FALSE
2022-09-07 00:00:00.000001,2022-09-07 00:00:00.000001,Focus,Nox,76561198090747424,1.32,para,https://tickettool.xyz/direct?url=https://cdn.discordapp.com/attachments/864657364623425566/1017286152006422568/transcript-closed-player-report-focus-4.html,FALSE
2022-09-07 00:00:00.000001,2022-09-07 00:00:00.000001,Focus,Bravo-,76561199170309796,1.817,para,https://tickettool.xyz/direct?url=https://cdn.discordapp.com/attachments/864657364623425566/1017286803314724935/transcript-closed-player-report-focus-4.html,FALSE
2022-09-07 00:00:00.000001,2022-09-07 00:00:00.000001,Focus,Rankzz,76561199385230736,1.397,rex,https://tickettool.xyz/direct?url=https://cdn.discordapp.com/attachments/864657364623425566/1017300530755813457/transcript-closed-player-report-focus-4.html,FALSE
2022-09-08 00:00:00.000001,2022-09-08 00:00:00.000001,Tonnkka,King Of Creation,76561199238890379,1.225,Apa,https://tickettool.xyz/direct?url=https://cdn.discordapp.com/attachments/864657364623425566/1017341347331592282/transcript-closed-general-support-tonnkka-4.html,FALSE
2022-09-08 00:00:00.000001,2022-09-08 00:00:00.000001,Chesirah,Thunder Thigs,76561198035876258,2.3,sai,https://tickettool.xyz/direct?url=https://cdn.discordapp.com/attachments/864657364623425566/1017450697727414333/transcript-closed-player-report-chesirah-4.html,TRUE
2022-09-08 00:00:00.000001,2022-09-08 00:00:00.000001,Tonnkka,Nettle,76561198303143854,1.24,Velo,https://tickettool.xyz/direct?url=https://cdn.discordapp.com/attachments/864657364623425566/1017407320285777980/transcript-closed-general-support-tonnkka-4.html,TRUE
2022-09-08 00:00:00.000001,2022-09-08 00:00:00.000001,Suguru/Tonnkka,Milk,76561197997256371,1.9,trope,https://tickettool.xyz/direct?url=https://cdn.discordapp.com/attachments/864657364623425566/1017521591208398878/transcript-closed-player-report-suguru-4.html,TRUE
2022-09-08 00:00:00.000001,2022-09-08 00:00:00.000001,Focus,Alpha23 :3,76561199091852090,1.2,trope,https://tickettool.xyz/direct?url=https://cdn.discordapp.com/attachments/864657364623425566/1017552426745729085/transcript-closed-general-support-focus-4.html,FALSE
2022-09-08 00:00:00.000001,2022-09-08 00:00:00.000001,Chesirah,Takara,76561198377240152,1.88,pt,https://tickettool.xyz/direct?url=https://cdn.discordapp.com/attachments/864657364623425566/1017717785331257374/transcript-closed-player-report-chesirah-4.html,FALSE
2022-09-08 00:00:00.000001,2022-09-08 00:00:00.000001,Chesirah,Smoky,76561199166730818,1.7,pachy,https://tickettool.xyz/direct?url=https://cdn.discordapp.com/attachments/864657364623425566/1017592411448410163/transcript-closed-player-report-chesirah-4.html,FALSE
2022-09-08 00:00:00.000001,2022-09-08 00:00:00.000001,Stag,delta,76561199120207676,1.5,Ichthy,https://tickettool.xyz/direct?url=https://cdn.discordapp.com/attachments/864657364623425566/1014981816005967893/transcript-closed-player-report-pocky-4.html,FALSE
2022-09-08 00:00:00.000001,2022-09-08 00:00:00.000001,Chesirah,R2P8,76561198454535073,1.85,pachy,https://tickettool.xyz/direct?url=https://cdn.discordapp.com/attachments/864657364623425566/1017731133032628296/transcript-closed-general-support-chesirah-4.html,FALSE
2022-09-08 00:00:00.000001,2022-09-08 00:00:00.000001,Tonnkka,loirapassiva,76561199156820059,1.266,Megalo,https://tickettool.xyz/direct?url=https://cdn.discordapp.com/attachments/864657364623425566/1017703521967161404/transcript-closed-player-report-tonnkka-4.html,FALSE
2022-09-08 00:00:00.000001,2022-09-08 00:00:00.000001,Chesirah,.Beemo.,76561198800740575,1.5,Megaraptor,https://tickettool.xyz/direct?url=https://cdn.discordapp.com/attachments/864657364623425566/1018119499821613066/transcript-closed-player-report-chesirah-4.html,FALSE
2022-09-09 00:00:00.000001,2022-09-09 00:00:00.000001,Tonnkka,joseph freemore,76561198931480690,1.243,Rex,https://tickettool.xyz/direct?url=https://cdn.discordapp.com/attachments/864657364623425566/1017779225006178314/transcript-closed-player-report-tonnkka-4.html,FALSE
2022-09-09 00:00:00.000001,2022-09-09 00:00:00.000001,Chesirah,:D,76561198142405133,1.62,Meg,https://tickettool.xyz/direct?url=https://cdn.discordapp.com/attachments/864657364623425566/1017841586610118666/transcript-closed-player-report-chesirah-4.html,TRUE
2022-09-09 00:00:00.000001,2022-09-09 00:00:00.000001,Chesirah,Plush,76561198846367199,1.91,Meg,https://tickettool.xyz/direct?url=https://cdn.discordapp.com/attachments/864657364623425566/1017851904149168158/transcript-closed-general-support-chesirah-4.html,TRUE
2022-09-09 00:00:00.000001,2022-09-09 00:00:00.000001,Choi,NahYeahNah/Honoyeta ,76561198073430712,1.36,Megalo,https://tickettool.xyz/direct?url=https://cdn.discordapp.com/attachments/864657364623425566/1017872346633220207/transcript-closed-player-report-choi-4.html,TRUE
2022-09-09 00:00:00.000001,2022-09-09 00:00:00.000001,Chesirah,Pillow,76561198825390588,1.91,ory,https://tickettool.xyz/direct?url=https://cdn.discordapp.com/attachments/864657364623425566/1017899400934199367/transcript-closed-player-report-chesirah-4.html,TRUE
2022-09-09 00:00:00.000001,2022-09-09 00:00:00.000001,Focus,Boxsocks,76561198344553459,1.31,meg,https://tickettool.xyz/direct?url=https://cdn.discordapp.com/attachments/864657364623425566/1015207662998257694/transcript-closed-player-report-gruvi-4.html,FALSE
2022-09-09 00:00:00.000001,2022-09-09 00:00:00.000001,Tonnkka,YungBullGamin(YT),76561198162405913,1.268,Megaraptor,https://tickettool.xyz/direct?url=https://cdn.discordapp.com/attachments/864657364623425566/1018026008361836595/transcript-closed-player-report-tonnkka-4.html,FALSE
2022-09-09 00:00:00.000001,2022-09-09 00:00:00.000001,Tonnkka,RubyRain,76561198100362619,0.874,Megaraptor,https://tickettool.xyz/direct?url=https://cdn.discordapp.com/attachments/864657364623425566/1018026008361836595/transcript-closed-player-report-tonnkka-4.html,TRUE
2022-09-1 00:00:00.0000010,2022-09-1 00:00:00.0000010,Suguru,奥力不奥利,76561199323794409,1,meg,https://tickettool.xyz/direct?url=https://cdn.discordapp.com/attachments/864657364623425566/1018294777910939698/transcript-closed-general-support-suguru-4.html,TRUE
2022-09-1 00:00:00.0000010,2022-09-1 00:00:00.0000010,Suguru,Mika,76561199261750597,1.4,trope,https://tickettool.xyz/direct?url=https://cdn.discordapp.com/attachments/864657364623425566/1018107080353259560/transcript-closed-general-support-suguru-4.html,TRUE
2022-09-1 00:00:00.0000010,2022-09-1 00:00:00.0000010,Suguru,Butter,76561199001606364,2.2,pachy,https://tickettool.xyz/direct?url=https://cdn.discordapp.com/attachments/864657364623425566/1018108084163457095/transcript-closed-general-support-suguru-4.html,TRUE
2022-09-1 00:00:00.0000010,2022-09-1 00:00:00.0000010,Suguru,trash self-feeder,76561199181555299,1.54,rex,https://tickettool.xyz/direct?url=https://cdn.discordapp.com/attachments/864657364623425566/1018298769919442954/transcript-closed-general-support-suguru-4.html,TRUE
2022-09-1 00:00:00.0000010,2022-09-1 00:00:00.0000010,Suguru,Growth Goblin,76561198138115307,1,para,https://tickettool.xyz/direct?url=https://cdn.discordapp.com/attachments/864657364623425566/1018317790215680100/transcript-closed-general-support-suguru-4.html,TRUE
2022-09-11 00:00:00.000001,2022-09-11 00:00:00.000001,Tonnkka,A creative name,76561198425631932,1.235,Megaraptor,https://tickettool.xyz/direct?url=https://cdn.discordapp.com/attachments/864657364623425566/1018663821738524752/transcript-closed-player-report-tonnkka-4.html,TRUE
2022-09-11 00:00:00.000001,2022-09-11 00:00:00.000001,Chesirah,[FS]&[NIGHT]ParksyT,76561198859443262,1.19,lurd,https://tickettool.xyz/direct?url=https://cdn.discordapp.com/attachments/864657364623425566/1018508591126302720/transcript-closed-player-report-chesirah-4.html,TRUE
2022-09-11 00:00:00.000001,2022-09-11 00:00:00.000001,Tonnkka,KawaiiKwamii,76561198278994417,1.087,Megalo,https://tickettool.xyz/direct?url=https://cdn.discordapp.com/attachments/864657364623425566/1018533671067729992/transcript-closed-general-support-tonnkka-4.html,TRUE
2022-09-11 00:00:00.000001,2022-09-11 00:00:00.000001,Tonnkka,chi11y,76561199079328155,1.337,Ory,https://tickettool.xyz/direct?url=https://cdn.discordapp.com/attachments/864657364623425566/1019036544771829780/transcript-closed-player-report-tonnkka-4.html,TRUE
2022-09-11 00:00:00.000001,2022-09-11 00:00:00.000001,Chesirah,BlueberryToad,76561199191124823,1.24,Acro,https://tickettool.xyz/direct?url=https://cdn.discordapp.com/attachments/864657364623425566/1018538312635535400/transcript-closed-player-report-chesirah-4.html,TRUE
2022-09-11 00:00:00.000001,2022-09-11 00:00:00.000001,Tonnkka,† fxf †,76561198815493669,2.381,Megaraptor,https://tickettool.xyz/direct?url=https://cdn.discordapp.com/attachments/864657364623425566/1018666946763444254/transcript-closed-player-report-tonnkka-4.html,TRUE
2022-09-11 00:00:00.000001,2022-09-11 00:00:00.000001,Tonnkka,icelaptop,76561199185450362,2.124,Rex,https://tickettool.xyz/direct?url=https://cdn.discordapp.com/attachments/864657364623425566/1018861553644224522/transcript-closed-general-support-tonnkka-4.html,TRUE
2022-09-11 00:00:00.000001,2022-09-11 00:00:00.000001,Tonnkka,"""Dragon of Darkness""",76561199077440346,2.513,Megaraptor,https://tickettool.xyz/direct?url=https://cdn.discordapp.com/attachments/864657364623425566/1019033780771618927/transcript-closed-player-report-tonnkka-4.html,TRUE
2022-09-11 00:00:00.000001,2022-09-11 00:00:00.000001,Tonnkka,Milk_Papi,76561198833066443,0.716,Megalo,https://tickettool.xyz/direct?url=https://cdn.discordapp.com/attachments/864657364623425566/1018769788601901066/transcript-closed-player-report-tonnkka-4.html,FALSE
2022-09-11 00:00:00.000001,2022-09-11 00:00:00.000001,Tonnkka,† Raptor †,76561198944332994,1.441,Megaraptor,https://tickettool.xyz/direct?url=https://cdn.discordapp.com/attachments/864657364623425566/1018851069633232968/transcript-closed-player-report-tonnkka-4.html,FALSE
2022-09-11 00:00:00.000001,2022-09-11 00:00:00.000001,Tonnkka,zhhhhhhhhhhhhhhh,76561199251799809,2.719,Coah,https://tickettool.xyz/direct?url=https://cdn.discordapp.com/attachments/864657364623425566/1018823845152559124/transcript-closed-general-support-tonnkka-4.html,FALSE
2022-09-12 00:00:00.000001,2022-09-12 00:00:00.000001,Tonnkka,Jager,76561198104894466,1.918,Para,https://tickettool.xyz/direct?url=https://cdn.discordapp.com/attachments/864657364623425566/1019039881588121610/transcript-closed-player-report-tonnkka-4.html,FALSE
2022-09-12 00:00:00.000001,2022-09-12 00:00:00.000001,Stag,sexy baby,76561199006572601,1.8,Acro,https://tickettool.xyz/direct?url=https://cdn.discordapp.com/attachments/864657364623425566/1019733666332684399/transcript-closed-general-support-stag-4.html,FALSE
2022-09-13 00:00:00.000001,2022-09-13 00:00:00.000001,Tonnkka,Boxsocks,76561198344553459,1.313,Megalo,https://tickettool.xyz/direct?url=https://cdn.discordapp.com/attachments/864657364623425566/1019251166560923768/transcript-closed-player-report-tonnkka-4.html,FALSE
2022-09-13 00:00:00.000001,2022-09-13 00:00:00.000001,Chesirah,Altria,76561199191124823,1.225,acro,https://tickettool.xyz/direct?url=https://cdn.discordapp.com/attachments/864657364623425566/1019578435301023754/transcript-closed-player-report-chesirah-4.html,FALSE
2022-09-13 00:00:00.000001,2022-09-13 00:00:00.000001,Chesirah,Pazie,76561198010521860,2.029,mosa,https://tickettool.xyz/direct?url=https://cdn.discordapp.com/attachments/864657364623425566/1019283279142211695/transcript-closed-player-report-chesirah-4.html,FALSE
2022-09-13 00:00:00.000001,2022-09-13 00:00:00.000001,Tonnkka,Milk™,76561199102465426,1.286,Elasmo,https://tickettool.xyz/direct?url=https://cdn.discordapp.com/attachments/864657364623425566/1019463844290121738/transcript-closed-player-report-tonnkka-4.html,TRUE
2022-09-13 00:00:00.000001,2022-09-13 00:00:00.000001,Tonnkka,Dirtrobber47,76561198060102939,1.241,Ichthy,https://tickettool.xyz/direct?url=https://cdn.discordapp.com/attachments/864657364623425566/1019502040671596614/transcript-closed-player-report-tonnkka-4.html,TRUE
2022-09-14 00:00:00.000001,2022-09-14 00:00:00.000001,Tonnkka,Raving Mad Mason,76561198293552942,1.944,Megalo,https://tickettool.xyz/direct?url=https://cdn.discordapp.com/attachments/864657364623425566/1019485269067567134/transcript-closed-player-report-tonnkka-4.html,TRUE
2022-09-14 00:00:00.000001,2022-09-14 00:00:00.000001,Tonnkka,Mother of Lurd,76561199053665006,1.363,Apa,https://tickettool.xyz/direct?url=https://cdn.discordapp.com/attachments/864657364623425566/1019787821231394896/transcript-closed-player-report-tonnkka-4.html,TRUE
2022-09-14 00:00:00.000001,2022-09-14 00:00:00.000001,Chad,M1lk_Papi,76561198833066443,1.2,sai,https://tickettool.xyz/direct?url=https://cdn.discordapp.com/attachments/864657364623425566/1016177387463000124/transcript-closed-player-report-tonnkka-4.html,TRUE
2022-09-15 00:00:00.000001,2022-09-15 00:00:00.000001,Chesirah,Goddess of Death,76561198269396760,1.54,Rex,https://tickettool.xyz/direct?url=https://cdn.discordapp.com/attachments/864657364623425566/1020058204836741222/transcript-closed-general-support-chesirah-4.html,FALSE
2022-09-15 00:00:00.000001,2022-09-15 00:00:00.000001,Chesirah,Butter,76561199234750768,2.8,ory,https://tickettool.xyz/direct?url=https://cdn.discordapp.com/attachments/864657364623425566/1020046968929656962/transcript-closed-general-support-chesirah-4.html,FALSE
2022-09-15 00:00:00.000001,2022-09-15 00:00:00.000001,Chesirah,Butter-Sama,76561199203407749,1.83,meg,https://tickettool.xyz/direct?url=https://cdn.discordapp.com/attachments/864657364623425566/1020070836356526132/transcript-closed-player-report-chesirah-4.html,FALSE
2022-09-16 00:00:00.000001,2022-09-16 00:00:00.000001,Tonnkka,callmepurp,76561199103345475,1.469,Acro,https://tickettool.xyz/direct?url=https://cdn.discordapp.com/attachments/864657364623425566/1020499528090140722/transcript-closed-player-report-tonnkka-4.html,FALSE
2022-09-16 00:00:00.000001,2022-09-16 00:00:00.000001,Choi,IEatAss,76561199222325197,1.2,Megalo,https://tickettool.xyz/direct?url=https://cdn.discordapp.com/attachments/864657364623425566/1020454112535523348/transcript-closed-player-report-choi-4.html,TRUE
2022-09-16 00:00:00.000001,2022-09-16 00:00:00.000001,Chesirah,BloodyBlu,76561198157354664,1.29,meg,https://tickettool.xyz/direct?url=https://cdn.discordapp.com/attachments/864657364623425566/1020710325022097540/transcript-closed-general-support-chesirah-4.html,FALSE
2022-09-16 00:00:00.000001,2022-09-16 00:00:00.000001,Chesirah,Star,76561199224007486,1.589,megaraptor,https://tickettool.xyz/direct?url=https://cdn.discordapp.com/attachments/864657364623425566/1020714600183902249/transcript-closed-general-support-chesirah-4.html,FALSE
2022-09-18 00:00:00.000001,2022-09-18 00:00:00.000001,Tonnkka,Toast,76561199230830218,1.27,Para,https://tickettool.xyz/direct?url=https://cdn.discordapp.com/attachments/864657364623425566/1021321720977694720/transcript-closed-player-report-tonnkka-4.html,FALSE
2022-09-18 00:00:00.000001,2022-09-18 00:00:00.000001,Stag,Quidstar,76561198245851160,1.301,Ichthy,https://tickettool.xyz/direct?url=https://cdn.discordapp.com/attachments/864657364623425566/1016705999941406790/transcript-closed-player-report-suguru-4.html,FALSE
2022-09-18 00:00:00.000001,2022-09-18 00:00:00.000001,Chesirah,Di,76561199125113696,1.2,trope,https://tickettool.xyz/direct?url=https://cdn.discordapp.com/attachments/864657364623425566/1021181131770572890/transcript-closed-player-report-chesirah-4.html,FALSE
2022-09-19 00:00:00.000001,2022-09-19 00:00:00.000001,Chesirah,R2P8,76561198454535073,2.05,pachy,https://tickettool.xyz/direct?url=https://cdn.discordapp.com/attachments/864657364623425566/1021404785267703828/transcript-closed-general-support-chesirah-4.html,FALSE
2022-09-19 00:00:00.000001,2022-09-19 00:00:00.000001,Chesirah,Gula,76561198324633282,2.019,ela,https://tickettool.xyz/direct?url=https://cdn.discordapp.com/attachments/864657364623425566/1021463379338088528/transcript-closed-player-report-chesirah-4.html,FALSE
2022-09-2 00:00:00.0000010,2022-09-2 00:00:00.0000010,Chesirah,Houe;),76561198330207373,1.85,meg,https://tickettool.xyz/direct?url=https://cdn.discordapp.com/attachments/864657364623425566/1021780123487322123/transcript-closed-player-report-chesirah-4.html,FALSE
2022-09-2 00:00:00.0000010,2022-09-2 00:00:00.0000010,Chesirah,Maxtherock,76561199151583503,1.45,para,https://tickettool.xyz/direct?url=https://cdn.discordapp.com/attachments/864657364623425566/1021781330540908574/transcript-closed-general-support-chesirah-4.html,FALSE
2022-09-2 00:00:00.0000010,2022-09-2 00:00:00.0000010,Chesirah,Butterbear,76561199234750768,0.96,pt,https://tickettool.xyz/direct?url=https://cdn.discordapp.com/attachments/864657364623425566/1021824536989143091/transcript-closed-player-report-chesirah-4.html,FALSE
2022-09-2 00:00:00.0000010,2022-09-2 00:00:00.0000010,Chesirah,Tsunami ,76561198998107173,1.3,pt,https://tickettool.xyz/direct?url=https://cdn.discordapp.com/attachments/864657364623425566/1021824536989143091/transcript-closed-player-report-chesirah-4.html,FALSE
2022-09-2 00:00:00.0000010,2022-09-2 00:00:00.0000010,Stag,Мята,76561198176522426 ,1.067,elasmo,https://tickettool.xyz/direct?url=https://cdn.discordapp.com/attachments/864657364623425566/1022015974507020329/transcript-closed-player-report-kimbles-4.html,FALSE
2022-09-2 00:00:00.0000010,2022-09-2 00:00:00.0000010,Stag,GREATWHITESLUG,76561198298085879,1.218,rex,https://tickettool.xyz/direct?url=https://cdn.discordapp.com/attachments/864657364623425566/1022177985920516147/transcript-closed-general-support-stag-4.html,FALSE
2022-09-2 00:00:00.0000010,2022-09-2 00:00:00.0000010,Chesirah,Butterbear,76561199234750768,2.93,ory,https://tickettool.xyz/direct?url=https://cdn.discordapp.com/attachments/864657364623425566/1022154590692577370/transcript-closed-general-support-chesirah-4.html,FALSE
2022-09-2 00:00:00.0000010,2022-09-2 00:00:00.0000010,Chesirah,Horsefeathered,76561198096751033,1.21,krono,https://tickettool.xyz/direct?url=https://cdn.discordapp.com/attachments/864657364623425566/1021915578878939217/transcript-closed-general-support-chesirah-4.html,FALSE
2022-09-2 00:00:00.0000010,2022-09-2 00:00:00.0000010,Chesirah,chi11y,76561199079328155,1.487,ory,https://tickettool.xyz/direct?url=https://cdn.discordapp.com/attachments/864657364623425566/1022154261662007346/transcript-closed-general-support-chesirah-4.html,FALSE
2022-09-2 00:00:00.0000010,2022-09-2 00:00:00.0000010,Choi,iEatAss,76561199222325197,1.49,Trope,https://tickettool.xyz/direct?url=https://cdn.discordapp.com/attachments/864657364623425566/1022012730854617199/transcript-closed-general-support-choi-4.html,TRUE
2022-09-2 00:00:00.0000010,2022-09-2 00:00:00.0000010,Stag,Oos,76561198111273332,1.29,Trope,https://tickettool.xyz/direct?url=https://cdn.discordapp.com/attachments/864657364623425566/1022220167217938592/transcript-closed-general-support-stag-4.html,TRUE
2022-09-21 00:00:00.000001,2022-09-21 00:00:00.000001,Tonnkka,Takara,76561198377240152,1.309,Apa,https://tickettool.xyz/direct?url=https://cdn.discordapp.com/attachments/864657364623425566/1022094198230499328/transcript-closed-player-report-tonnkka-4.html,TRUE
2022-09-21 00:00:00.000001,2022-09-21 00:00:00.000001,Tonnkka,{ Elder } Thally,76561198336803155,0.747,Pachy,https://tickettool.xyz/direct?url=https://cdn.discordapp.com/attachments/864657364623425566/1022121465811837028/transcript-closed-general-support-tonnkka-4.html,FALSE
2022-09-21 00:00:00.000001,2022-09-21 00:00:00.000001,Tonnkka,zedriiK,76561198390438872,1.698,Sai,https://tickettool.xyz/direct?url=https://cdn.discordapp.com/attachments/864657364623425566/1022388716322443294/transcript-closed-general-support-tonnkka-4.html,TRUE
2022-09-21 00:00:00.000001,2022-09-21 00:00:00.000001,Tonnkka/Stag,Junkie,76561198833770321,2.603,Ory,https://tickettool.xyz/direct?url=https://cdn.discordapp.com/attachments/864657364623425566/1022430507046293554/transcript-closed-general-support-tonnkka-4.html,TRUE
2022-09-21 00:00:00.000001,2022-09-21 00:00:00.000001,Tonnkka,Thunder Thighs,76561198035876258,1.205,Krono,https://tickettool.xyz/direct?url=https://cdn.discordapp.com/attachments/864657364623425566/1022386242555486249/transcript-closed-player-report-tonnkka-4.html,TRUE
2022-09-21 00:00:00.000001,2022-09-21 00:00:00.000001,Tonnkka,Milk_Papi,76561198833066443,0.789,Acro,https://tickettool.xyz/direct?url=https://cdn.discordapp.com/attachments/864657364623425566/1022402835775762492/transcript-closed-player-report-tonnkka-4.html,TRUE
2022-09-21 00:00:00.000001,2022-09-21 00:00:00.000001,Chesirah,R2P8´s alt0,76561199261351860,1.2,Meg,https://tickettool.xyz/direct?url=https://cdn.discordapp.com/attachments/864657364623425566/1022481832358445077/transcript-closed-general-support-chesirah-4.html,FALSE
2022-09-21 00:00:00.000001,2022-09-21 00:00:00.000001,Chesirah,naaaa,76561199151583503,1.48,trope,https://tickettool.xyz/direct?url=https://cdn.discordapp.com/attachments/864657364623425566/1022481262780370974/transcript-closed-general-support-chesirah-4.html,TRUE
2022-09-22 00:00:00.000001,2022-09-22 00:00:00.000001,Tonnkka,Delscorchx,76561198254846988,1.117,Rex,https://tickettool.xyz/direct?url=https://cdn.discordapp.com/attachments/864657364623425566/1022718674076979220/transcript-closed-general-support-tonnkka-4.html,TRUE
2022-09-22 00:00:00.000001,2022-09-22 00:00:00.000001,Tonnkka,Howtheturntables,76561198252308696,1.246,Ichthy,https://tickettool.xyz/direct?url=https://cdn.discordapp.com/attachments/864657364623425566/1022718804796645397/transcript-closed-general-support-tonnkka-4.html,FALSE
2022-09-22 00:00:00.000001,2022-09-22 00:00:00.000001,Tonnkka,ButterBear,76561199234750768 ,1.144,PT,https://tickettool.xyz/direct?url=https://cdn.discordapp.com/attachments/864657364623425566/1022710982465822720/transcript-closed-player-report-tonnkka-4.html,FALSE
2022-09-23 00:00:00.000001,2022-09-23 00:00:00.000001,Tonnkka,""" Egoist """,76561198805392962,1.411,Acro,https://tickettool.xyz/direct?url=https://cdn.discordapp.com/attachments/864657364623425566/1022832118176415845/transcript-closed-general-support-tonnkka-4.html,TRUE
2022-09-23 00:00:00.000001,2022-09-23 00:00:00.000001,Tonnkka,Near,76561199047894750,0.717,Rex,https://tickettool.xyz/direct?url=https://cdn.discordapp.com/attachments/864657364623425566/1023061748644843550/transcript-closed-player-report-tonnkka-4.html,TRUE
2022-09-23 00:00:00.000001,2022-09-23 00:00:00.000001,Kimbles,Jellybean,76561198007311482,1.8,lurd,https://tickettool.xyz/direct?url=https://cdn.discordapp.com/attachments/864657364623425566/1022872253135867995/transcript-closed-general-support-kimbles-4.html,FALSE
2022-09-23 00:00:00.000001,2022-09-23 00:00:00.000001,Chesirah / Tonnkka,xdpunk,76561198304934843,1.2,apa,https://tickettool.xyz/direct?url=https://cdn.discordapp.com/attachments/864657364623425566/1022928741162307654/transcript-closed-general-support-chesirah-4.html,FALSE
2022-09-23 00:00:00.000001,2022-09-23 00:00:00.000001,Chesirah,Coffee,76561198245305134,1.88,coah,https://tickettool.xyz/direct?url=https://cdn.discordapp.com/attachments/864657364623425566/1023159748574584852/transcript-closed-player-report-chesirah-4.html,FALSE
2022-09-24 00:00:00.000001,2022-09-24 00:00:00.000001,Chesirah / Wildcat,midnight,76561199013588269,1.42,megaraptor,https://tickettool.xyz/direct?url=https://cdn.discordapp.com/attachments/864657364623425566/1023264155446288384/transcript-closed-player-report-xx-misswildcat-xx-4.html,TRUE
2022-09-24 00:00:00.000001,2022-09-24 00:00:00.000001,Tonnkka,Milk_Papi,76561198833066443,1.706,Sai,https://tickettool.xyz/direct?url=https://cdn.discordapp.com/attachments/864657364623425566/1023428574100869120/transcript-closed-general-support-tonnkka-4.html,TRUE
2022-09-24 00:00:00.000001,2022-09-24 00:00:00.000001,Tonnkka/Wildcat,Beast of Bruhmuda,76561199286132198,1.304,Rex,https://tickettool.xyz/direct?url=https://cdn.discordapp.com/attachments/864657364623425566/1023578576127262891/transcript-closed-player-report-xx-misswildcat-xx-4.html,FALSE
2022-09-25 00:00:00.000001,2022-09-25 00:00:00.000001,Tonnkka,"""Goddess of Death""",76561198269396760,1.4,Megaraptor,https://tickettool.xyz/direct?url=https://cdn.discordapp.com/attachments/864657364623425566/1023660343957921853/transcript-closed-player-report-focus-4.html,TRUE
2022-09-25 00:00:00.000001,2022-09-25 00:00:00.000001,Tonnkka,ButterBear,76561199234750768,1.222,PT,https://tickettool.xyz/direct?url=https://cdn.discordapp.com/attachments/864657364623425566/1023603954673795072/transcript-closed-general-support-tonnkka-4.html,TRUE
2022-09-25 00:00:00.000001,2022-09-25 00:00:00.000001,Tonnkka/Wildcat,Fire_Daddy,76561198963033583,1.24,Rex,https://tickettool.xyz/direct?url=https://cdn.discordapp.com/attachments/864657364623425566/1023680103005302874/transcript-closed-general-support-xx-misswildcat-xx-4.html,TRUE
2022-09-25 00:00:00.000001,2022-09-25 00:00:00.000001,Tonnkka/Wildcat,Mr-Solitaire,76561198799607832,1.702,Ichthy,https://tickettool.xyz/direct?url=https://cdn.discordapp.com/attachments/864657364623425566/1023608314136887346/transcript-closed-general-support-xx-misswildcat-xx-4.html,TRUE
2022-09-25 00:00:00.000001,2022-09-25 00:00:00.000001,Tonnkka/Wildcat,NoburstCD,76561198081815952,1.313,Ichthy,https://tickettool.xyz/direct?url=https://cdn.discordapp.com/attachments/864657364623425566/1023636979864318032/transcript-closed-player-report-xx-misswildcat-xx-4.html,TRUE
2022-09-25 00:00:00.000001,2022-09-25 00:00:00.000001,Tonnkka,POP.c4,76561198271544728,2.793,Apa,https://tickettool.xyz/direct?url=https://cdn.discordapp.com/attachments/864657364623425566/1023790694554423417/transcript-closed-player-report-tonnkka-4.html,TRUE
2022-09-25 00:00:00.000001,2022-09-25 00:00:00.000001,Mystic,| Sheddim | Adamant,76561198814214931,2.761,Pachy,,FALSE
2022-09-26 00:00:00.000001,2022-09-26 00:00:00.000001,Tonnkka,Scra,76561199088421011,1.202,Krono,https://tickettool.xyz/direct?url=https://cdn.discordapp.com/attachments/864657364623425566/1018298769919442954/transcript-closed-general-support-suguru-4.html,TRUE
2022-09-26 00:00:00.000001,2022-09-26 00:00:00.000001,Stag,Raisin Cookies,76561198166037293,2.06,Ory,https://tickettool.xyz/direct?url=https://cdn.discordapp.com/attachments/864657364623425566/1024164998991319110/transcript-closed-general-support-stag-4.html,FALSE
2022-09-26 00:00:00.000001,2022-09-26 00:00:00.000001,Suguru,TinyTerror,76561198860691013,2.11,meg,https://tickettool.xyz/direct?url=https://cdn.discordapp.com/attachments/864657364623425566/1024417705731821638/transcript-closed-player-report-suguru-4.html,FALSE
2022-09-26 00:00:00.000001,2022-09-26 00:00:00.000001,Suguru,Pimentel,76561199056404720,3.52,meg,https://tickettool.xyz/direct?url=https://cdn.discordapp.com/attachments/864657364623425566/1024205516655829044/transcript-closed-general-support-suguru-4.html,TRUE
2022-09-27 00:00:00.000001,2022-09-27 00:00:00.000001,Chesirah / Wildcat,Oos,76561198111273332,1.41,trope,https://tickettool.xyz/direct?url=https://cdn.discordapp.com/attachments/864657364623425566/1024440687665618964/transcript-closed-general-support-xx-misswildcat-xx-4.html,TRUE
2022-09-27 00:00:00.000001,2022-09-27 00:00:00.000001,Chesirah,DommyMommy ,76561198301422905,1.22,ory,https://tickettool.xyz/direct?url=https://cdn.discordapp.com/attachments/864657364623425566/1024711091185524746/transcript-closed-general-support-chesirah-4.html,FALSE
2022-09-27 00:00:00.000001,2022-09-27 00:00:00.000001,Suguru,Kaonashi,76561199163719617,0.8,rex,https://tickettool.xyz/direct?url=https://cdn.discordapp.com/attachments/864657364623425566/1024446155318378496/transcript-closed-player-report-suguru-4.html,FALSE
2022-09-27 00:00:00.000001,2022-09-27 00:00:00.000001,Chesirah,DeadJokeQC,76561198345020777,1.12,velo,https://tickettool.xyz/direct?url=https://cdn.discordapp.com/attachments/864657364623425566/1024446250201927742/transcript-closed-player-report-chesirah-4.html,TRUE
2022-09-28 00:00:00.000001,2022-09-28 00:00:00.000001,Chesirah,DeadJokeQC,76561198345020777,2.01,velo,https://tickettool.xyz/direct?url=https://cdn.discordapp.com/attachments/864657364623425566/1024728334850064435/transcript-closed-general-support-chesirah-4.html,TRUE
2022-09-28 00:00:00.000001,2022-09-28 00:00:00.000001,Chesirah,Tsunami,76561198998107173,2.088,ory,https://tickettool.xyz/direct?url=https://cdn.discordapp.com/attachments/864657364623425566/1024711311541665852/transcript-closed-general-support-chesirah-4.html,TRUE
2022-09-28 00:00:00.000001,2022-09-28 00:00:00.000001,Chesirah / Wildcat,DommyMommi.c4,76561198301422905,1.33,ory,https://tickettool.xyz/direct?url=https://cdn.discordapp.com/attachments/864657364623425566/1024922663669473322/transcript-closed-general-support-xx-misswildcat-xx-4.html,FALSE
2022-09-28 00:00:00.000001,2022-09-28 00:00:00.000001,Chesirah,Ryliebeast,76561198208439335,1.37,rex,https://tickettool.xyz/direct?url=https://cdn.discordapp.com/attachments/864657364623425566/1024812473246830602/transcript-closed-player-report-chesirah-4.html,FALSE
2022-09-28 00:00:00.000001,2022-09-28 00:00:00.000001,Chesirah,DeadJokeQC,76561198345020777,1.28,ichty,https://tickettool.xyz/direct?url=https://cdn.discordapp.com/attachments/864657364623425566/1024807847655133224/transcript-closed-general-support-chesirah-4.html,FALSE
2022-09-28 00:00:00.000001,2022-09-28 00:00:00.000001,Chesirah,DeadJokeQC,76561198345020777,1.328,sai,https://tickettool.xyz/direct?url=https://cdn.discordapp.com/attachments/864657364623425566/1024812155373109328/transcript-closed-player-report-chesirah-4.html,FALSE
2022-09-28 00:00:00.000001,2022-09-28 00:00:00.000001,Chesirah,Acinic,76561199086266783,1.25,rex,https://tickettool.xyz/direct?url=https://cdn.discordapp.com/attachments/864657364623425566/1024812473246830602/transcript-closed-player-report-chesirah-4.html,FALSE
2022-09-28 00:00:00.000001,2022-09-28 00:00:00.000001,Chesirah,Wolfy,76561198969054215,1.37,para,https://tickettool.xyz/direct?url=https://cdn.discordapp.com/attachments/864657364623425566/1024985113525768242/transcript-closed-player-report-chesirah-4.html,FALSE
2022-09-29 00:00:00.000001,2022-09-29 00:00:00.000001,Chesirah / Wildcat,Hamtaro,76561198951103897,1.602,pachy,https://tickettool.xyz/direct?url=https://cdn.discordapp.com/attachments/864657364623425566/1025109762486059008/transcript-closed-general-support-xx-misswildcat-xx-4.html,FALSE
2022-09-29 00:00:00.000001,2022-09-29 00:00:00.000001,Chesirah,El0,76561198401978453,1.88,meg,https://tickettool.xyz/direct?url=https://cdn.discordapp.com/attachments/864657364623425566/1025088301914406973/transcript-closed-player-report-chesirah-4.html,FALSE
2022-09-29 00:00:00.000001,2022-09-29 00:00:00.000001,Suguru / Wild / Ches,feetz,76561199261750597,2.331,trope,https://tickettool.xyz/direct?url=https://cdn.discordapp.com/attachments/864657364623425566/1025414755290194051/transcript-closed-general-support-xx-misswildcat-xx-4.html,FALSE
2022-09-29 00:00:00.000001,2022-09-29 00:00:00.000001,Chesirah / Wildcat,"""Gula of Grief""",76561198324633282,1.45,rex,https://tickettool.xyz/direct?url=https://cdn.discordapp.com/attachments/864657364623425566/1025168999207665794/transcript-closed-player-report-xx-misswildcat-xx-4.html,FALSE
2022-09-3 00:00:00.0000010,2022-09-3 00:00:00.0000010,Chesirah,Nox,76561198090747424,1.22,meg,https://tickettool.xyz/direct?url=https://cdn.discordapp.com/attachments/864657364623425566/1025420033033244834/transcript-closed-player-report-chesirah-4.html,FALSE
2022-09-3 00:00:00.0000010,2022-09-3 00:00:00.0000010,Chesirah,AlphaDragon05,76561199043771717,1.45,ory,https://tickettool.xyz/direct?url=https://cdn.discordapp.com/attachments/864657364623425566/1025416152953917551/transcript-closed-player-report-chesirah-4.html,FALSE
2022-09-3 00:00:00.0000010,2022-09-3 00:00:00.0000010,Chesirah / Wildcat,Pillow,76561198825390588 ,2.025,ory,https://tickettool.xyz/direct?url=https://cdn.discordapp.com/attachments/864657364623425566/1025452908482941039/transcript-closed-general-support-xx-misswildcat-xx-4.html,FALSE
2022-09-3 00:00:00.0000010,2022-09-3 00:00:00.0000010,Chesirah / Wildcat,DeadJokeQC,76561198345020777,2.18,velo,https://tickettool.xyz/direct?url=https://cdn.discordapp.com/attachments/864657364623425566/1025461900332511323/transcript-closed-general-support-xx-misswildcat-xx-4.html,FALSE
2022-10-01 00:00:00.000001,2022-10-01 00:00:00.000001,Chesirah,Saucybaka,76561199391863961,1.319,pt,https://tickettool.xyz/direct?url=https://cdn.discordapp.com/attachments/864657364623425566/1025770130099142656/transcript-closed-general-support-chesirah-4.html,FALSE
2022-10-01 00:00:00.000001,2022-10-01 00:00:00.000001,Mystic / Wildcat,R2P8,76561198454535073,2.482,Pachy,https://tickettool.xyz/direct?url=https://cdn.discordapp.com/attachments/864657364623425566/1025871678472990760/transcript-closed-general-support-xx-misswildcat-xx-4.html,TRUE
2022-10-01 00:00:00.000001,2022-10-01 00:00:00.000001,Mystic / Wildcat,MoistOutlaw,76561198245118086,1.17,Meg,https://tickettool.xyz/direct?url=https://cdn.discordapp.com/attachments/864657364623425566/1020499528090140722/transcript-closed-player-report-tonnkka-4.html,FALSE
2022-10-02 00:00:00.000001,2022-10-02 00:00:00.000001,Tonnkka / Wildcat,Shadowstar,76561198135511525,1.257,Acro,https://tickettool.xyz/direct?url=https://cdn.discordapp.com/attachments/864657364623425566/1026159167079194654/transcript-closed-player-report-xx-misswildcat-xx-4.html,FALSE
2022-10-02 00:00:00.000001,2022-10-02 00:00:00.000001,Tonnkka / Wildcat,Knox,76561198063619276,1.211,Acro,https://tickettool.xyz/direct?url=https://cdn.discordapp.com/attachments/864657364623425566/1026159167079194654/transcript-closed-player-report-xx-misswildcat-xx-4.html,FALSE
2022-10-02 00:00:00.000001,2022-10-02 00:00:00.000001,Chesirah,Gore Magala ,76561198401167997,1.247,Rex,https://tickettool.xyz/direct?url=https://cdn.discordapp.com/attachments/864657364623425566/1026251369813905539/transcript-closed-general-support-chesirah-4.html,FALSE
2022-10-02 00:00:00.000001,2022-10-02 00:00:00.000001,Chesirah / Wildcat,Knox,76561199186068865,1.2,velo,https://tickettool.xyz/direct?url=https://cdn.discordapp.com/attachments/864657364623425566/1026198438297223268/transcript-closed-player-report-xx-misswildcat-xx-4.html,FALSE
2022-10-02 00:00:00.000001,2022-10-02 00:00:00.000001,Tonnkka,Mintol,76561198176522426,1.207,Krono,https://tickettool.xyz/direct?url=https://cdn.discordapp.com/attachments/864657364623425566/1026441651134148659/transcript-closed-player-report-tonnkka-4.html,FALSE
2022-10-03 00:00:00.000001,2022-10-03 00:00:00.000001,Chesirah /Tonnkka  / Wildcat,Tamohawk,76561198823592854,0.799,ichty,https://tickettool.xyz/direct?url=https://cdn.discordapp.com/attachments/864657364623425566/1026489740037468200/transcript-closed-player-report-xx-misswildcat-xx-4.html,FALSE
2022-10-03 00:00:00.000001,2022-10-03 00:00:00.000001,Chesirah /Tonnkka  / Wildcat,Kolabzz,76561198440679897,1.14,ichty,https://tickettool.xyz/direct?url=https://cdn.discordapp.com/attachments/864657364623425566/1026489740037468200/transcript-closed-player-report-xx-misswildcat-xx-4.html,FALSE
2022-10-03 00:00:00.000001,2022-10-03 00:00:00.000001,Chesirah,Pixer,76561199250500562,3.91,trope,https://tickettool.xyz/direct?url=https://cdn.discordapp.com/attachments/864657364623425566/1026514155550814248/transcript-closed-player-report-chesirah-4.html,FALSE
2022-10-03 00:00:00.000001,2022-10-03 00:00:00.000001,Chesirah,Vengeance.,76561198165158893,1.209,trope,https://tickettool.xyz/direct?url=https://cdn.discordapp.com/attachments/864657364623425566/1026544445908332594/transcript-closed-player-report-chesirah-4.html,FALSE
2022-10-03 00:00:00.000001,2022-10-03 00:00:00.000001,Chesirah / Tonnkka ,Bluebyrd17,76561198237176860,1.267,coah,https://tickettool.xyz/direct?url=https://cdn.discordapp.com/attachments/864657364623425566/1026538480450412624/transcript-closed-player-report-chesirah-4.html,FALSE
2022-10-03 00:00:00.000001,2022-10-03 00:00:00.000001,Stag,PartyFlipp,76561198280818147,1,Acro,https://tickettool.xyz/direct?url=https://cdn.discordapp.com/attachments/864657364623425566/1021824536989143091/transcript-closed-player-report-chesirah-4.html,FALSE
2022-10-03 00:00:00.000001,2022-10-03 00:00:00.000001,Chesirah,TrapOfYou,76561198450123010 ,1.221,pt,https://tickettool.xyz/direct?url=https://cdn.discordapp.com/attachments/864657364623425566/1026857494594727956/transcript-closed-player-report-chesirah-4.html,FALSE
2022-10-03 00:00:00.000001,2022-10-03 00:00:00.000001,Stag,Lude,76561198005884340,1.262,trope,https://tickettool.xyz/direct?url=https://cdn.discordapp.com/attachments/864657364623425566/1027096097241448448/transcript-closed-player-report-stag-4.html,FALSE
2022-10-03 00:00:00.000001,2022-10-03 00:00:00.000001,Stag,knox,76561198063619276,1.312,trope,https://tickettool.xyz/direct?url=https://cdn.discordapp.com/attachments/864657364623425566/1026987235830157413/transcript-closed-player-report-stag-4.html,FALSE
2022-10-05 00:00:00.000001,2022-10-05 00:00:00.000001,Tonnkka,EL0,76561198401978453,2.585,Trope,https://tickettool.xyz/direct?url=https://cdn.discordapp.com/attachments/864657364623425566/1027205487575449660/transcript-closed-general-support-tonnkka-4.html,FALSE